system,term,replicate_mean_kcal_per_mol,replicate_sd_kcal_per_mol,n_reps,rep_values
drugs2263,DELTA_TOTAL,-20.493333333333336,5.471766929734246,3,-22.130;-24.960;-14.390
drugs3003,DELTA_TOTAL,-17.970000000000002,0.8750428560933459,3,-17.960;-18.850;-17.100
drugs3523,DELTA_TOTAL,-32.4,16.415958698778454,3,-18.170;-28.670;-50.360


